Page ID,Page name,Disclaimer,Amount spent (USD),Number of ads in Library
585648144624512,ইকো ফুড'স,ইকো ফুডস,7927,43
564623100070647,Health BD,Health BD,5484,48
259249367262457,Anamon Premium - যৌবন শতদল,Anamon Premium - যৌবন শতদল,3911,159
353130515348425,Bangladesh Nationalist Party-BNP,Bangladesh Nationalist Party-BNP,1856,20
432412819945637,Dr. Khaliduzzaman SM,Dr. Khaliduzzaman SM,1438,67
1104792029697902,Feelucky,Feelucky,1436,161
48637583555,Tarique Rahman,Bangladesh Nationalist Party-BNP,1432,5
266326536843123,BNP Media Cell,BNP Media Cell,704,3
132484876617659,Sailboat BD,Sailboat BD,509,6
146660105207761,NouMuslim Muhammad Raj,NouMuslim Muhammad Raj,479,10
507618649107905,Salahuddin Ahmed Raihan,Salahuddin Ahmed Raihan,423,15
1040548485989576,Biyerkhoj Marriage Media,Biyerkhoj Marriage Media,385,6
2147496625474821,MartSector,MartSector,354,10
109023742597444,OBHIZATRIK Foundation,OBHIZATRIK Foundation,323,8
103072639385235,Kazi Rafiqul Islam,Kazi Rafiqul Islam,305,53
103134196030535,Lead News,Lead News,278,27
111612467833365,Elias Pinaki supporter,Elias Pinaki supporter,277,19
151002721721993,Tanveer Ahmed - তানভীর আহমেদ,SOFTGHOR LIMITED,258,10
101162946164012,Amader Shomoy,Amader Shomoy,250,269
2190868284294442,The Business Standard,The Business Standard,241,43
382415708295829,Geo News Bangla,Geo News Bangla,224,15
459857567208135,JK Lifestyle,JK Lifestyle,223,17
441089449087349,নতুন দিগন্ত,নতুন দিগন্ত,203,187
820482054713791,Health & solution,Health & solution,202,3
100318188556477,Event Shop BD,Event Shop BD,196,13
1032887696808214,Kathaprokash,kathaprokash,187,8
441219605745791,প্রথম বাংলাদেশ,প্রথম বাংলাদেশ,187,156
203575499506529,জাগরণের ২৪,জাগরণের ২৪,180,156
111403696875370,Hafezzi Charitable Society Of Bangladesh,Hafezzi Charitable Society Of Bangladesh,180,4
380269991847332,ছায়া প্রচার,ছায়া প্রচার,175,171
150379674819529,Mail Dhaka 24.com,Mail Dhaka 24.com,172,19
702061236324128,Md Manirul Islam Liton,SoftX IT Ltd.,164,6
405356416004252,কিশোরকণ্ঠ ২.০,কিশোরকণ্ঠ ২.০,151,128
107372491717684,Khondaker Nasir Uddin,Khondaker Nasir Uddin,145,10
609083255616705,জাতীয়তাবাদী আমরা,জাতীয়তাবাদী আমরা,139,17
620279924498304,BNP 24/7,BNP 24/7,130,1
512207958638234,S A Siddique Shaju,S A Siddique Shaju,123,26
536890432830310,Israfil Khosru ইসরাফিল খসরু,Israfil Khosru ইসরাফিল খসরু,123,1
100102252426414,15 minutes By Elias Hossain,15 minutes By Elias Hossain,122,4
112408011480547,তথ্য সাময়িকী,তথ্য সাময়িকী,122,23
195923920277092,Akm Shamsul Islam,Akm Shamsul Islam,121,27
565225540184937,CGTN,These ads ran without a disclaimer,119,1
110026753763971,VOD Bangla,VOD BANGLA MEDIA,118,32
111562418393065,দৈনিক আমার বাংলাদেশ,দৈনিক আমার বাংলাদেশ,111,26
465649469965421,Health Heroes\n\n,Health Heroes\n\n,107,1
110026753763971,VOD Bangla,VOD Bangla,102,1
100428276380361,Parbatta Shomoy - পার্বত্য সময়,Parbatta shomoy - পার্বত্য সময়,101,103
593546547184589,Bangladesh Republic Party - BRP,Bangladesh Republic Party - BRP,101,9
441747252353258,Abdus Salam Tuhin,Abdus Salam Tuhin,≤100,17
104607142600846,Bay of Bengal Post,Bay of Bengal Post,≤100,82
438594779579736,Col Md Abdul Baten,Col Md Abdul Baten,≤100,17
362723633580644,Primeking.com,These ads ran without a disclaimer,≤100,3
667365486464220,Bongo Sing,These ads ran without a disclaimer,≤100,5
110996938508416,Jamaat Rangpur City,Jamaat Rangpur City,≤100,9
451490881377765,Fact Review,Fact Review,≤100,67
510057042186975,চেতনায় শহীদ জিয়া,চেতনায় শহীদ জিয়া,≤100,6
285253361332707,Organic Secret Solution,Organic Secret Solution,≤100,3
162435200290736,জাতীয় পার্টির বাংলাদেশ,জাতীয় পার্টির বাংলাদেশ,≤100,3
565111883343199,মেহেদী হাসান মিঠু,মেহেদী হাসান মিঠু,≤100,2
151954201336153,Secret Solution,Secret Solution,≤100,1
714126068443704,Engr. Mustafa-E-Zaman Salim,Engr. Mustafa-E-Zaman Salim,≤100,3
105783925087401,ব্রিগে. জেনারেল অব: ড. শামস,ব্রিগে. জেনারেল অব: ড. শামস,≤100,17
654745201059541,Bangladesh Social Democratic Party - BSDP,Bangladesh Social Democratic Party - BSDP,≤100,4
147984862022776,ব্যারিস্টার রিয়াসাদ আজিম হক আদনান,ব্যারিস্টার রিয়াসাদ আজিম হক আদনান,≤100,4
101646796015361,Global Media,Global Media,≤100,5
102560051924559,InfoMigrants - বাংলা,These ads ran without a disclaimer,≤100,1
106776778824715,Dengue.com,These ads ran without a disclaimer,≤100,5
112696111422353,শাহ্ রিয়াজুল হান্নান রিয়াজ,শাহ্ রিয়াজুল হান্নান রিয়াজ,≤100,4
488706857665910,Voice of Rights,Voice of Rights,≤100,17
408978358971410,Abar Bangladesh-আবার বাংলাদেশ,Abar Bangladesh-আবার বাংলাদেশ,≤100,28
1977740262326033,Dainik Eidin - দৈনিক এইদিন,Dainik Eidin - দৈনিক এইদিন,≤100,65
330770636783848,জাতীয় কন্ঠ,জাতীয় কন্ঠ,≤100,2
620014037859838,Zulfar Nayeem Mostafa - জুলফার নাঈম মোস্তফা বিষ্ময়,Zulfar Nayeem Mostafa - জুলফার নাঈম মোস্তফা বিষ্ময়,≤100,15
533562326517716,নতুন বাংলাদেশ,নতুন বাংলাদেশ,≤100,1
112433045132243,হাসান মাহমুদ সুমন,হাসান মাহমুদ সুমন,≤100,56
100662781542829,Shaikh Rabiul Alam - শেখ রবিউল আলম,Shaikh Rabiul Alam - শেখ রবিউল আলম,≤100,5
146577158802100,United Nations Development Programme in Bangladesh,United Nations Development Programme in Bangladesh,≤100,2
593117293894575,Organic Magic,Organic Magic,≤100,9
424342317435045,Health & Beauty,Health & Beauty,≤100,2
105568349155111,Saqeeb Anwar - সাকিব আনোয়ার,Saqeeb Anwar - সাকিব আনোয়ার,≤100,12
430213446847543,এস এম মামুন অর রশিদ মামুন,এস এম মামুন অর রশিদ মামুন,≤100,6
454106311270030,Abdul Zabbar,Abdul Zabbar,≤100,6
444533578733502,Bangladesh 2.0,Bangladesh 2.0,≤100,2
420315827822451,Niaz Morshed,Codebound,≤100,15
116703291327531,Ishrak Ahmed Siddiky,Ishrak Ahmed Siddiky,≤100,4
242917998894979,Helal Uddin,Jamaat Dhaka City South,≤100,5
171258886077290,Engr Habibur Rahman,Engr Habibur Rahman,≤100,7
393122680549970,রাজা সমর্থকগোষ্ঠী,রাজা সমর্থকগোষ্ঠী,≤100,1
152435307942602,এম এ হান্নান খান,এম এ হান্নান খান,≤100,1
538061789398995,বিএনপি পরিবার থেকে,বিএনপি পরিবার থেকে,≤100,9
370837492789179,PR Management,PR Management,≤100,1
245138118690264,ABC shop,ABC shop,≤100,9
105665288595860,Zakir Khan,Zakir Khan,≤100,4
418276415437543,gronthik.com,gronthik.com,≤100,4
157853311234350,Eftakhar Shahriar,Eftakhar Shahriar,≤100,39
110461375258186,Jana News 24,Jana News 24,≤100,1
450488401687265,BRAC Institute of Governance and Development - BIGD,BRAC Institute of Governance and Development - BIGD,≤100,1
660903863767761,Muhammad Abdul Mannan,Jamaat Dhaka City South,≤100,3
107549138963768,Mohammad Khirul Islam Zico,Mohammad Khirul Islam Zico,≤100,7
106277239037274,Golam Kibria Sawun,Golam Kibria Sawun,≤100,1
569860522873755,Md Abul Kalam,Md Abul Kalam,≤100,1
107699502192813,Annie Metz,These ads ran without a disclaimer,≤100,1
504472422746507,Timeline Bangladesh,Timeline Bangladesh,≤100,7
582474331622546,Ashraf Hossain Bhuiyan,Ashraf Hossain Bhuiyan,≤100,3
115592034927205,Khaborer Kagoj-খবরের কাগজ,Khaborer Kagoj-খবরের কাগজ,≤100,7
401826046355701,1 Minute's Fact Check,1 Minute's Fact Check,≤100,34
657764887411445,Save Chittagong Port - Bangladesh’s Lifeline,Save Chittagong Port - Bangladesh’s Lifeline,≤100,3
111364450718101,Natural Unani,Natural Unani,≤100,5
560690680469651,Mainuddin Ahmad,Bangladesh Jamaat E Islami,≤100,2
486258027908901,Natural BD,JK Lifestyle.,≤100,7
673612969168300,BoiCart,These ads ran without a disclaimer,≤100,1
205421083252808,Dr. Mobarak Hossain,Jamaat Dhaka City South,≤100,1
107528594254869,Nurul Islam Moni,Nurul Islam Moni,≤100,13
736247006228243,PhiloBuzz,PhiloBuzz,≤100,10
167933953408956,Senora,These ads ran without a disclaimer,≤100,1
100777508211617,MR Shop.com,MR Shop.com,≤100,4
438129559392597,Power of People,Power of People,≤100,13
607700702419243,Banglabazar Patrika,Banglabazar Patrika,≤100,4
140485099939578,Ayon Osman soldiers,Ayon Osman soldiers,≤100,7
621802251007625,Asiatic 3sixty,These ads ran without a disclaimer,≤100,2
138774682912184,Nurul Islam Bulbul,Bangladesh Jamaat-e-Islami,≤100,3
125631075502672,অপরাধচিত্র,অপরাধচিত্র,≤100,2
431896910016743,Visa World Travels,Visa World Travels,≤100,1
172859283377467,Muntasir - মুনতাসির,Muntasir - মুনতাসির,≤100,1
207916969060938,জনতার বার্তা স্পোর্টস,These ads ran without a disclaimer,≤100,2
277852095414614,Advocate Shakil Ahmad,Advocate Shakil Ahmad,≤100,2
422608000944158,Always Healthy BD,Always Healthy BD,≤100,10
119731307892963,Organy Shop,Organy Shop,≤100,1
569793556218451,ডা. মাহমুদ হোসেন বকাউল,ডা. মাহমুদ হোসেন বকাউল,≤100,2
1672675492953778,Quamrul Hassan Milon,Quamrul Hassan Milon,≤100,3
121031267635440,মিজানুর রহমান ভুঁইয়া মিল্টন,মিজানুর রহমান ভুঁইয়া মিল্টন,≤100,17
1643935589027273,"Jamia Muhammadia & Atim Khana, Charvashania",These ads ran without a disclaimer,≤100,1
308574542601202,আলমগীর হোসেন,আলমগীর হোসেন,≤100,5
111187295243720,Oli Ahammad,Trust Apparel Sourcing,≤100,16
479494055244277,আওয়াজ উঠাও বাংলাদেশ,আওয়াজ উঠাও বাংলাদেশ,≤100,10
574367282425339,Thik Talk,Thik Talk,≤100,8
606156665923370,Beyond The Delta,Beyond The Delta,≤100,5
100789182047278,এক বঙ্গ বহু রঙ্গ,Cemcoa Limited,≤100,2
122170067522325,Voice of Rohingyas -VOR,Voice of Rohingyas -VOR,≤100,28
108362285432845,Amader Shomoy Entertainment,Amader Shomoy Entertainment,≤100,29
695093860348903,Engr.  Gazi Salah Uddin,Md. Gazi Salah Uddin,≤100,4
538187892703967,Aminul Kabir Shumon,Aminul Kabir Shumon,≤100,1
567526509776882,মাহফুজুর রহমান মুক্তা,মাহফুজুর রহমান মুক্তা,≤100,7
505781805955847,Bismillah Mart BD,Bismillah Mart BD,≤100,4
103787008593494,Safiqul Islam Milton - শফিকুল ইসলাম মিল্টন,Safiqul Islam Milton - শফিকুল ইসলাম মিল্টন,≤100,2
465401293315020,GEN-Z,GEN-Z,≤100,8
348147078721898,Kazi Jesin,Kazi Jesin,≤100,12
100560899590311,Takrim's Mart,Takrim's Mart,≤100,9
731350736881381,মো: মতিউর রহমান,মো: মতিউর রহমান,≤100,1
105189034265227,Smart Panjabi Shop,These ads ran without a disclaimer,≤100,2
111268368572791,Engr Golam Mostafa,Engr Golam Mostafa,≤100,2
103143541219353,Parami University,These ads ran without a disclaimer,≤100,1
330244726837331,Adarsha Online - আদর্শ অনলাইন,These ads ran without a disclaimer,≤100,3
2530422370517638,মশিউর রহমান তাসনিম,মশিউর রহমান তাসনিম,≤100,1
110425311990300,أسامة الشرفا - Ousama Alshurafa,These ads ran without a disclaimer,≤100,3
580578091807969,Ebadul Haque Rubad Sing,Ebadul Haque Rubad Sing,≤100,2
103156479104464,Abu Rayhan,Abu Rayhan,≤100,14
113837801814283,Mohammad Kamal Hossain,Jamaat Dhaka City South,≤100,2
479215795280031,Deshkal News,Deshkal News,≤100,1
714913981899462,Nationalist Cyber Party-NCP,Nationalist Cyber Party - NCP,≤100,18
108644652191184,Salman Omar Rubel,Salman Omar Rubel,≤100,2
388032217732404,Political Poster Lab,Political Poster Lab,≤100,4
602272472975192,হাটহাজারীতে হাতপাখায় ভোট দিন,হাটহাজারীতে হাতপাখায় ভোট দিন,≤100,2
112723761662085,Md Najmul Islam Jiku,MD Najmul Islam,≤100,5
252242341488182,Aman Ullah Aman - আমান উল্লাহ আমান,Aman Ullah Aman - আমান উল্লাহ আমান,≤100,3
105350915569179,Shamim Mia,Protolen IT,≤100,2
632420143585729,Md. Mustafizur Rahman Mamun,Md. Mustafizur Rahman Mamun,≤100,2
391729794030587,Dhaka Gate,Bengalis Nation,≤100,3
620682187785660,Agrajatra Exclusive অগ্রযাত্রা এক্সক্লুসিভ,Agrajatra Exclusive অগ্রযাত্রা এক্সক্লুসিভ,≤100,3
102084868553886,CNI,Spellbound Leo Burnett,≤100,10
1232467953433133,Barrister Erfan Ibne Aman Omi-ব্যারিস্টার ইরফান ইবনে আমান অমি,Barrister Erfan Ibne Aman Omi-ব্যারিস্টার ইরফান ইবনে আমান অমি,≤100,7
379769521890614,নতুন বাংলা,নতুন বাংলা,≤100,9
132579906756944,United Nations ESCAP,These ads ran without a disclaimer,≤100,2
1976194162619642,Kabitaz Fashion,These ads ran without a disclaimer,≤100,2
101502942127715,সময় সকাল,সময় সকাল,≤100,15
426023907265203,পাহাড়ের গল্প,পাহাড়ের গল্প,≤100,5
106517824429321,Tariqul Suzun,Tariqul Suzun,≤100,8
436291289558595,গণসার্কাস,গণসার্কাস,≤100,2
576579842202277,সালাউদ্দিন শেখ অস্ট্রেলিয়া,These ads ran without a disclaimer,≤100,1
146660105207761,NouMuslim Muhammad Raj,These ads ran without a disclaimer,≤100,1
107576281133049,ইসলামী আন্দোলন বাংলাদেশ চট্টগ্রাম উত্তর জেলা শাখা,ইসলামী আন্দোলন বাংলাদেশ চট্টগ্রাম উত্তর জেলা শাখা,≤100,4
665696123283520,ভালুকা টাইমস,ভালুকা টাইমস,≤100,1
543248588880147,মাসুদুল হক মাসুদ,The Bangladesh Story,≤100,3
137037206152797,Nazat Abdus sattar,Nazat Abdus sattar,≤100,2
103605752529563,Raihan Jamil - রায়হান জামিল,Raihan Jamil - রায়হান জামিল,≤100,3
103488482229967,Muzahed Shahin,Muzahed Shahin,≤100,3
264554296742592,Newz.Com,Newz.Com,≤100,4
102211979093712,EdHeroes,These ads ran without a disclaimer,≤100,4
888882868164706,Milton For Dhaka-15,Milton For Dhaka-15,≤100,2
375158635671669,Organic Hut,প্রাকৃতিক ভেষজ,≤100,4
485551471954135,আমাদের ব্রহ্মপুত্র-By Seba Hot News,আমাদের ব্রহ্মপুত্র-By Seba Hot News,≤100,20
540565352467574,Hikma 24 News,These ads ran without a disclaimer,≤100,1
553105761219410,শিবচর উপজেলা যুবদল,শিবচর উপজেলা যুবদল,≤100,7
109925445492228,কৈলাশ ইলেকট্রনিক্স বিডি,These ads ran without a disclaimer,≤100,1
113225231712274,Principal Iqbal Hossain,Principal Iqbal Hossain,≤100,9
661064463761309,Trending BD,These ads ran without a disclaimer,≤100,6
228210690371690,Abul Khair Sohel,Abul Khair Sohel,≤100,2
396039906925010,Fact About Hindu,Fact About Hindu,≤100,3
104492955954702,Tarikul Islam Bhuiyan-তারিকুল ইসলাম ভূইয়া,Tarikul Islam Bhuiyan-তারিকুল ইসলাম ভূইয়া,≤100,2
548440121694723,Dr. Md. Abu Naser,Dr. Abu Naser,≤100,4
497513330104071,BanglaZ,BanglaZ,≤100,7
524107414115753,Coxsbazar Bulletin - কক্সবাজার বুলেটিন,CoxsBazar Bulletin - কক্সবাজার বুলেটিন,≤100,2
105478512029392,Ctgpost.news,Ctgpost.news,≤100,16
179303806339996,Linked Care Services,These ads ran without a disclaimer,≤100,1
619453724578899,"জাতীয় নাগরিক পার্টি - এনসিপি, খাগড়াছড়ি পার্বত্য জেলা।","জাতীয় নাগরিক পার্টি - এনসিপি, খাগড়াছড়ি পার্বত্য জেলা।",≤100,9
456795527508010,সত্য খবর 24 - Sattya Khabar 24,সত্য খবর 24 - Sattya Khabar 24,≤100,1
1015222691907978,Libanza,Libanza,≤100,2
102810625213568,অনলাইন শপিং লাভার্স,অনলাইন শপিং লাভার্স,≤100,1
559738177227559,আমি বাংলাদেশ বলছি - Ami Bangladesh Bolchi,আমি বাংলাদেশ বলছি - Ami Bangladesh Bolchi,≤100,2
104952846042397,Dhakatimes24.com,Dhakatimes24.com,≤100,1
109428695452268,Syedul Haque Sayeed - সায়েদুল হক সাঈদ,Syedul Haque Sayeed - সায়েদুল হক সাঈদ,≤100,5
101096328720327,Janatar Barta World,These ads ran without a disclaimer,≤100,1
116957611505557,BNP Awareness Forum,BNP Awareness Forum,≤100,2
115010151645237,Bangladesh Diplomat,Bangladesh Diplomat,≤100,8
607181409150935,Our Leader - আমাদের নেতা,Our Leader - আমাদের নেতা,≤100,2
342293786602567,Delawar Hosen,Delawar Hosen,≤100,2
180508878470735,Notun Bangla,These ads ran without a disclaimer,≤100,1
100408518007195,Ifti's Vision,Ifti's Vision,≤100,16
101489638389762,FARS Beauty BD,FARS Beauty BD,≤100,1
1777661925840233,Md.Monirul Islam Monir,These ads ran without a disclaimer,≤100,1
585216534680415,Nationalist Activism,Nationalist Activism,≤100,2
628313333698422,Dr. Ashik Ullah,time less tale,≤100,1
576039525589058,বক্র সত্যি,বক্র সত্যি,≤100,12
1625602657698736,আতাউর রহমান খান ওয়েলফেয়ার ফাউন্ডেশন,These ads ran without a disclaimer,≤100,1
197591280663379,Islami Jubo Andolan Bangladesh,innoValley,≤100,2
1573187842966822,"জেলা প্রশাসন, চট্টগ্রাম","জেলা প্রশাসন, চট্টগ্রাম",≤100,1
103348401545006,Al Helal Talukder,Al Helal Talukder,≤100,2
646141765463753,Bangladesh Jamaat-e-Islami,Bangladesh Jamaat-e-Islami,≤100,1
704156662779537,NBR Voice,These ads ran without a disclaimer,≤100,2
612159761986859,Ishaque Khondaker,Ishaque Khondaker,≤100,2
494573213740586,GenZ Nation,GenZ Nation,≤100,15
668175676382510,Desh News Giral,These ads ran without a disclaimer,≤100,6
488824017643617,Look at BD,Look at BD,≤100,3
101139352999395,দশদিক-Doshdik,দশদিক-Doshdik,≤100,2
1781470538778423,Xpress News,Xpress News,≤100,2
593772480492513,Mahbubur Rahman Belal,Mahbubur Rahman Belal,≤100,1
354507515448659,wellreachbd.com,These ads ran without a disclaimer,≤100,1
1068734689832815,লাবন্য টেলিকম,লাবন্য টেলিকম,≤100,1
109022811615228,Feastables,These ads ran without a disclaimer,≤100,1
181770345024664,K. M. Shafiquzzaman,K. M. Shafiquzzaman,≤100,2
707447309113967,ইসলামি জীবন বিধান,These ads ran without a disclaimer,≤100,5
104617805776482,Daily Natun Kagoj,Daily Natun Kagoj,≤100,3
641870652348093,প্রিয় লিডার ওয়াদুদ ভূইয়ার সৈনিক,প্রিয় লিডার ওয়াদুদ ভূইয়ার সৈনিক,≤100,3
419043841297842,Morshadul Islam Asif,These ads ran without a disclaimer,≤100,2
167378726708521,Jamaat Dhaka City South,Jamaat Dhaka City South,≤100,1
1444530075857308,Muhammad Khairuzzaman Linkon,Muhammad Khairuzzaman Linkon,≤100,1
375158635671669,Organic Hut,Organic Hut,≤100,8
101632004419,ZIAUR RAHMAN KHAN APON,Farzia Bangladesh,≤100,4
135826016282481,SD Entertainment,SD Entertainment,≤100,3
100696796135125,পুঁথি,These ads ran without a disclaimer,≤100,1
573544052507010,Islam for better life,These ads ran without a disclaimer,≤100,1
106877918030139,Elias Hossain Supporter,Elias Hossain Supporter,≤100,2
137672230246755,বাংলাদেশে আইনের শাসন,বাংলাদেশে আইনের শাসন,≤100,2
477507338779388,প্রজন্মের ডাক,প্রজন্মের ডাক,≤100,8
1559901027613381,TRT World,These ads ran without a disclaimer,≤100,7
131133116741075,Md Faruk Alam Sarker,Md Faruk Alam Sarker,≤100,1
101651602036095,Mississippi Publications-মিসিসিপি পাবলিকেশন্স,Mississippi Publications-মিসিসিপি পাবলিকেশন্স,≤100,2
422639434259402,সেনাবাহিনী আমার অহংকার,armymypride,≤100,2
102734798118720,হাজী মো: শফিকুল ইসলাম,হাজী মো: শফিকুল ইসলাম,≤100,1
248525181677232,Birds Wildlife,Birds Wildlife,≤100,1
769963653403056,Bikebd,Bikebd,≤100,1
114492048251211,MD Aminul Islam,These ads ran without a disclaimer,≤100,2
649495884921955,Bnagla zone,These ads ran without a disclaimer,≤100,3
660676977136146,Daily Khobor,These ads ran without a disclaimer,≤100,1
106335225635741,Khaborwala Bangla,The Daily Khaborwala,≤100,8
107032458859442,Masood Sayedee,These ads ran without a disclaimer,≤100,1
538061789398995,বিএনপি পরিবার থেকে,These ads ran without a disclaimer,≤100,1
103692015975376,Nesar Ahamed,These ads ran without a disclaimer,≤100,1
111223701390587,প্রাকৃতিক উপায়ে যৌন চিকিৎসালয়,প্রাকৃতিক উপায়ে যৌন চিকিৎসালয়,≤100,1
658677457494816,Mohammad Abdus Salam,Mohammad Abdus Salam,≤100,1
104169868096423,Dr. Kashfiaa Amina,These ads ran without a disclaimer,≤100,1
676971375490937,কর্নেল মোঃ আব্দুল বাতেন স্যারের সমর্থক গোষ্ঠী,কর্নেল মোঃ আব্দুল বাতেন স্যারের সমর্থক গোষ্ঠী,≤100,1
647505808450767,"বাংলাদেশ জামায়াতে ইসলামী - ১ নং ওয়ার্ড  জাহাজমারা, চরজব্বর ইউনিয়ন, নোয়াখালী",M/s. SheikhIT,≤100,7
563246746875996,Mehtab Hossain Symon,Mehtab Hossain Symon,≤100,5
111612467833365,Elias Pinaki supporter,These ads ran without a disclaimer,≤100,1
150379674819529,Mail Dhaka 24.com,These ads ran without a disclaimer,≤100,1
111623203850358,FACTS BY HASAN,FACTS BY HASAN,≤100,9
102712161413918,Kalushah majar,Kalushah majar,≤100,3
142063332327280,Nispapツ,Nispapツ,≤100,2
101391872786414,Robel Mia,These ads ran without a disclaimer,≤100,1
129343787113180,Panta Rei - Water Solutions,These ads ran without a disclaimer,≤100,1
294226187103692,NextGen AI by EMON,Protolen IT,≤100,2
106486022265344,মোঃ আমানউল্লাহ আমান,মোঃ আমানউল্লাহ আমান,≤100,2
575890802264999,ঠাকুরগাঁও উন্নয়ন ফোরাম,ঠাকুরগাঁও উন্নয়ন ফোরাম,≤100,1
385896141275941,দুঃশাসন এর ১৬ বছর,দুঃশাসন এর ১৬ বছর,≤100,1
368346916368199,মোঃ সুমন,মোঃ সুমন,≤100,3
101112909473867,রায়পুরা উপজেলা বিএনপি নরসিংদী,রায়পুরা উপজেলা বিএনপি নরসিংদী,≤100,3
451595644713606,Sazzad Mahmud Sohel,Sazzad Mahmud Sohel,≤100,1
452382078845955,Abdullah Al Faruk,Abdullah Al Faruk,≤100,1
393865170477453,Saad Shahriar,Saad Shahriar,≤100,5
486258027908901,Natural BD,Natural BD,≤100,2
589296860935583,Rasel Hossain,Protolen IT,≤100,2
1737685606474389,Vector.com.bd,Vector.com.bd,≤100,1
705966795933375,পথের প্যাঁচালী,Seba Hot News,≤100,15
115274961541507,Sibbir Ahmad,These ads ran without a disclaimer,≤100,3
100261102331100,Bazlul Karim Chowdhury Abed,Bazlul Karim Chowdhury Abed,≤100,1
1905677093007571,Bangladesh Institute of Supply Chain Management,These ads ran without a disclaimer,≤100,1
110203015484493,ঝিনাইদহ টিভি,These ads ran without a disclaimer,≤100,1
102825762031978,BNRC,BNRC,≤100,2
472248079306626,Trending Bangladesh,Trending Bangladesh,≤100,5
103783332679670,আলমগীর হোসেন,আলমগীর হোসেন,≤100,2
725690970627731,The Bd News,These ads ran without a disclaimer,≤100,2
510935348770702,Haji Md Ali Asgar,Haji Md Ali Asgar,≤100,1
415897994935186,সাম্যের বাংলাদেশ,সাম্যের বাংলাদেশ,≤100,2
277985185561249,Bangladesh Jatiotabadi Cyber User Dol (BNCUP),Bangladesh Jatiotabadi Cyber User Dol (BNCUP),≤100,2
102195382134602,Bangla52News Live,Bangla52News Live,≤100,1
546656849103852,Chetonar Bangladesh,Chetonar Bangladesh,≤100,2
152261365331055,পাথরের কেল্লা,পাথরের কেল্লা,≤100,2
108096428605284,Enamul Hafiz Latifee,Enamul Hafiz Latifee,≤100,1
347431378456678,Prince 5262,Prince 5262,≤100,1
122125014313430,Jenni AI,These ads ran without a disclaimer,≤100,2
417887444733500,অপরূপ বাংলাদেশ,অপরূপ বাংলাদেশ,≤100,1
103929825626140,জিবলু রহমান,These ads ran without a disclaimer,≤100,1
493963263797121,Bangladesh Update 2.0,Bangladesh Update 2.0,≤100,5
190280714166227,Shah Mohammad Rony,Shah Mohammad Rony,≤100,7
1409176196045807,Nondito Television,These ads ran without a disclaimer,≤100,1
105656259000154,Farjana Kibria,Farjana Kibria,≤100,9
358260634186051,কামারশালায় সিনেমাযাপন,কামারশালায় সিনেমাযাপন,≤100,2
727986513724554,Italy Visa Processing.,These ads ran without a disclaimer,≤100,1
552101767982809,Job News Today,These ads ran without a disclaimer,≤100,1
388165821050499,Jackfruit ERP,These ads ran without a disclaimer,≤100,1
102941652677464,আরশ মজুমদার,These ads ran without a disclaimer,≤100,2
703615299504023,মোঃ আনোয়ারুল কাদির,MD Anowarul Kadir,≤100,3
345895708616194,Yasin Ferdous Murad,Yasin Ferdous Murad,≤100,1
103110019461938,Jahidul Islam Khan Bappy,Jahidul Islam Khan Bappy,≤100,5
186520262232155,Md. Kazi Zia Uddin Baseet,Md. Kazi Zia Uddin Baseet,≤100,1
400668099805112,Political Point,Political Point,≤100,2
614710078403355,Ratna Video,These ads ran without a disclaimer,≤100,1
665384246663937,Nonitasex 45,These ads ran without a disclaimer,≤100,1
513111418547976,উদয়ন বার্তা,উদয়ন বার্তা,≤100,3
546294678575748,বাংলার প্রগতি,বাংলার প্রগতি,≤100,2
1644212572477337,Miftah Siddique - মিফতাহ্ সিদ্দিকী,Miftah Siddique - মিফতাহ্ সিদ্দিকী,≤100,1
543649608839152,Taskin Fashion Outlet,These ads ran without a disclaimer,≤100,1
117808337978826,Nurul Islam Moni Foundation,Nurul Islam Moni Foundation,≤100,3
660927727101022,Shaikh Mehra Foundation,These ads ran without a disclaimer,≤100,2
588357991018856,চুয়াডাঙ্গা-১ সংসদীয় আসন,চুয়াডাঙ্গা-১ সংসদীয় আসন,≤100,2
705522892636500,sheikha mahira,These ads ran without a disclaimer,≤100,4
440895442434743,জাগ্রত জিয়ার সৈনিক,These ads ran without a disclaimer,≤100,1
1327528597412341,Digital Crop,Digital Crop,≤100,1
616969698175748,ইসলাম জিন্দাবাদ 8,These ads ran without a disclaimer,≤100,1
83800097281,The Commonwealth,These ads ran without a disclaimer,≤100,1
886624338092110,Md.Tajuddin Khan,Md.Tajuddin Khan,≤100,2
841402719301650,Nizamul Hoque,Nizamul Hoque,≤100,1
575291666302873,"সুরমা সাংস্কৃতিক সংসদ,সিলেট",These ads ran without a disclaimer,≤100,1
620695087801189,Munna Amin,Munna Amin,≤100,3
113025812980597,東南傳媒 Southeast Media,These ads ran without a disclaimer,≤100,1
385675567971030,মো আব্দুল আজিজ,মো আব্দুল আজিজ,≤100,2
136186479580700,Azad Hossain,These ads ran without a disclaimer,≤100,1
2337888866275168,Quan Yin Meditation AU,These ads ran without a disclaimer,≤100,1
398650063334473,আলহাজ্ব মো: রুহুল আমিন - Ruhul Amin,আলহাজ্ব মো: রুহুল আমিন - Ruhul Amin,≤100,1
512671371929649,দৈনিক সাবাস বাংলাদেশ,দৈনিক সাবাস বাংলাদেশ,≤100,1
691487410716082,ভাষাবুনন,These ads ran without a disclaimer,≤100,1
190311580826138,Chatganr Chokh- চাটগাঁর চোখ,F.A. Creative Firm Limited,≤100,1
111671910556707,Faisal Mahmud,HRIDOY IT,≤100,2
700372733157904,রিলস ঝড়,These ads ran without a disclaimer,≤100,2
242075722327687,আমাদের দিগন্ত,F.A. Creative Firm Limited,≤100,1
102903899460430,CHT Showcase,CHT Showcase,≤100,8
611318692072720,Shaikha mehra foundation,These ads ran without a disclaimer,≤100,1
697200663472675,Italy Visa Agency,These ads ran without a disclaimer,≤100,1
479780998541561,পুলিশ লাইনের গল্প,পুলিশ লাইনের গল্প,≤100,2
638671269330903,পুষ্টির খাঁটি ছোঁয়া - Pushtir Khati Choya,These ads ran without a disclaimer,≤100,1
163059227060505,Prothom Alo,These ads ran without a disclaimer,≤100,1
618925681307606,বাংলার সংবাদ,বাংলার সংবাদ,≤100,2
597968503407489,Thakurgaon Hiru,Thakurgaon Hiru,≤100,1
455772234293347,Ajker Bangla,Ajker Bangla,≤100,1
411961988676976,Organic Cares,These ads ran without a disclaimer,≤100,1
360017927176280,Nobin Design,These ads ran without a disclaimer,≤100,1
177326852134811,"Zaker Party  Student Front, Pirojpur District","Zaker Party  Student Front, Pirojpur District",≤100,2
696862840173478,সাতকানিয়া নাগরিক সমাজ,These ads ran without a disclaimer,≤100,1
109051618173003,Wellness & Unity,These ads ran without a disclaimer,≤100,1
103469548560948,Madinah.com,These ads ran without a disclaimer,≤100,3
219651922714074,Sadika Tanhar,These ads ran without a disclaimer,≤100,1
624849484042221,ইঞ্জিনিয়ার সুজাউর রহমান,ইঞ্জিনিয়ার সুজাউর রহমান,≤100,2
104420076046153,Abu Reza Siddiquee Emon,These ads ran without a disclaimer,≤100,1
691758090687776,Md. Julfikar Ali,These ads ran without a disclaimer,≤100,1
114381865074014,Oly Ullah Rayhan,Oly Ullah Rayhan,≤100,2
449667281568860,পথচলা,পথচলা,≤100,2
552737634586894,NGN News,NGN News,≤100,1
127979660400337,Opinion Bangla,Opinion Bangla,≤100,1
491121194079998,Problem Koro Delete Hobe,Problem Koro Delete Hobe,≤100,2
102472812537112,Babu Rahman,Babu Rahman,≤100,1
127791870425228,The Real News,The Real News,≤100,2
729039216949291,New Town Residential Area,These ads ran without a disclaimer,≤100,1
182930218231651,Bangladesh Update News,Bangladesh Update News,≤100,2
647474331790797,Asar alo 11,These ads ran without a disclaimer,≤100,1
580088355190234,এ্যাডঃ শেখ জাহাঙ্গীর হুসাইন হেলাল সমর্থক ফোরাম,These ads ran without a disclaimer,≤100,1
488782827814626,International Labour Organization,These ads ran without a disclaimer,≤100,2
701540936380579,Royal Hamdan Foundation,These ads ran without a disclaimer,≤100,1
100612562275472,Razzak Fashion - রাজ্জাক ফ্যাশন,Razzak Fashion - রাজ্জাক ফ্যাশন,≤100,1
693504463843527,Dawah Reborn,These ads ran without a disclaimer,≤100,3
396128816915536,তারুণ্যের জয়,তারুণ্যের জয়,≤100,1
132543486609196,MD Shgor,Sagor Bengal IT,≤100,1
122794087481362,Mercy Media,Mercy Media,≤100,1
263154273545185,রোমেল মিল্কি,রোমেল মিল্কি,≤100,4
102861465958547,Md Alamgir Kabir,Md Alamgir Kabir,≤100,3
513782071828984,Md Monsur Alam,Md Monsur Alam,≤100,3
707724779084790,Deshi Report,These ads ran without a disclaimer,≤100,1
430761066789412,Rohingya: Silent Victims of Injustice,Rohingya: Silent Victims of Injustice,≤100,2
106300275644780,MD Zakirur Rahman,These ads ran without a disclaimer,≤100,1
214814651932840,Panjeree Publications Ltd.,Panjeree Publications Ltd.,≤100,1
521637274347728,Bengali Emotion,Bengali Emotion,≤100,6
597968503407489,Thakurgaon Hiru,These ads ran without a disclaimer,≤100,1
406617535868624,Daily Sabuj Bangladesh,These ads ran without a disclaimer,≤100,1
383274694877923,Amm Shahiduzzaman Quoreshi,These ads ran without a disclaimer,≤100,1
650789944787792,Akramul Chowdhury,These ads ran without a disclaimer,≤100,4
268456819680066,Md Aaynol,These ads ran without a disclaimer,≤100,2
487604137776962,Public News Bd,Public News Bd,≤100,2
634038253133883,ঈশ্বরদীর গোপন কথা,These ads ran without a disclaimer,≤100,1
564388906751352,Tuktak Itihas,These ads ran without a disclaimer,≤100,1
466451139885876,"বাংলাদেশ জামায়াতে ইসলামী, শাহবাগ পূর্ব থানা",These ads ran without a disclaimer,≤100,1
113291494957974,Belayet Hossain,Belayet Hossain,≤100,2
674716169063105,Abul Kashem,These ads ran without a disclaimer,≤100,2
669667466803208,BizData Insights,These ads ran without a disclaimer,≤100,1
223287104715778,Oxfam,These ads ran without a disclaimer,≤100,1
449569088246655,36news,These ads ran without a disclaimer,≤100,1
304385349625359,Narayankul Dream Model School & College,These ads ran without a disclaimer,≤100,1
626573603866963,Anowar Hussain Juber,These ads ran without a disclaimer,≤100,1
121583984364703,Shahriar Shabuktagin,These ads ran without a disclaimer,≤100,1
111948101728070,Ensha’s Mart,These ads ran without a disclaimer,≤100,1
693832103806345,Unick Bazar,These ads ran without a disclaimer,≤100,1
729410320245749,SK BD,These ads ran without a disclaimer,≤100,1
602618532932674,Pabna TV,Pabna TV,≤100,1
1610201659246357,Transport Corporation of India,These ads ran without a disclaimer,≤100,1
653203617883533,সত্য বচন - Satya Bachan,সত্য বচন - Satya Bachan,≤100,1
686460014553148,Barta Plus Entertainment । বিনোদন,Barta Plus Entertainment । বিনোদন,≤100,1
188355447684719,Advice Korean Language Centre AKLC Rangpur,These ads ran without a disclaimer,≤100,1
108888834572395,BDNews1967,These ads ran without a disclaimer,≤100,1
109784138575679,Banglar Alo News,These ads ran without a disclaimer,≤100,1
647505808450767,"বাংলাদেশ জামায়াতে ইসলামী - ১ নং ওয়ার্ড  জাহাজমারা, চরজব্বর ইউনিয়ন, নোয়াখালী",These ads ran without a disclaimer,≤100,5
1768427646814455,BCS Written Campaigner,These ads ran without a disclaimer,≤100,1
106299475598378,profkevinfenton,These ads ran without a disclaimer,≤100,1
165832483285273,The Real Democracy,These ads ran without a disclaimer,≤100,1
315623434974985,Narsunda It Park,Narsunda It Park,≤100,3
604153399446017,মাওলানা শাহজাহান শিবলী সমর্থক,These ads ran without a disclaimer,≤100,1
113907884923546,Voice of the Displaced People,Voice of the Displaced People,≤100,2
1617275645186400,MRL MEDIA LIMITED,MRL MEDIA LIMITED,≤100,3
565658906638977,Jarif Ur Rahim • Rashik,Jarif Ur Rahim • Rashik,≤100,11
531860663337879,Govt Info,Cloudbin Agency,≤100,2
708909922301032,Viral Link 3.0,These ads ran without a disclaimer,≤100,1
110062790332951,পাঁচমেশালী,These ads ran without a disclaimer,≤100,1
596894416834109,Golam Kibria,These ads ran without a disclaimer,≤100,1
682717984927157,Taza Report,These ads ran without a disclaimer,≤100,1
8895898655,Rainforest Alliance,These ads ran without a disclaimer,≤100,1
733766999820775,Abdus Sakur Howlader,These ads ran without a disclaimer,≤100,2
665144443346692,Sahidul Islam,These ads ran without a disclaimer,≤100,1
569474762908078,গুরু দুলাল মৃধা-Guru Dulal Mridha,গুরু দুলাল মৃধা-Guru Dulal Mridha,≤100,5
692497263937294,Royal Dream Events,These ads ran without a disclaimer,≤100,1
121720982556943,The Pulse of People’s Politics & Bangladesh,These ads ran without a disclaimer,≤100,1
108884275345590,Saiful Abedin,These ads ran without a disclaimer,≤100,3
704727692719259,ডেইলি স্টোরি,These ads ran without a disclaimer,≤100,1
650498724821743,Voice With Sabbir,These ads ran without a disclaimer,≤100,1
612296765300531,Sourav Sharif,These ads ran without a disclaimer,≤100,1
736803879506075,24 Hours,These ads ran without a disclaimer,≤100,1
697824703408450,Abaya for you,These ads ran without a disclaimer,≤100,1
111436125113766,Ashik Mozumdar,These ads ran without a disclaimer,≤100,1
1596859903666447,Jago Desh,These ads ran without a disclaimer,≤100,1
615744391616861,Md Forhad Ali,Md Forhad Ali,≤100,1
1975476912757343,"ViralEd, Inc.",These ads ran without a disclaimer,≤100,1
401061516426498,গরিবের গেঞ্জি,These ads ran without a disclaimer,≤100,1
105098484592261,MD BABU ISLAM,These ads ran without a disclaimer,≤100,2
655969080927164,Md Zakir Hossain Patwary,These ads ran without a disclaimer,≤100,1
514544201750516,Projonmo News,These ads ran without a disclaimer,≤100,1
547023298483334,জার্সি ঘর-Jersey Ghar,These ads ran without a disclaimer,≤100,1
112072531801430,Fenir Khobor ফেনীর খবর,Fenir Khobor ফেনীর খবর,≤100,2
107423583264942,Hasanur Rahman FZ,These ads ran without a disclaimer,≤100,1
110849815271183,সামুয়েল আহমেদ লেনিন,These ads ran without a disclaimer,≤100,2
339062250282389,Gay Pride Apparel,These ads ran without a disclaimer,≤100,1
263549736844999,Kazi Tusher,Kazi Tusher,≤100,1
582014484998288,Ullapara Viral Video,These ads ran without a disclaimer,≤100,1
472156462654093,Heifer International Asia,These ads ran without a disclaimer,≤100,1
104714357967172,Arif Billah,Arif Billah,≤100,1
102861465958547,Md Alamgir Kabir,These ads ran without a disclaimer,≤100,3
653610584507393,Dubai Office Online 1,These ads ran without a disclaimer,≤100,1
660800483779503,City Park- Patuakhali,These ads ran without a disclaimer,≤100,1
655451881180990,আলহাজ্ব গোলাম ফারুক খোকন,These ads ran without a disclaimer,≤100,1
358530364021206,GotNews,These ads ran without a disclaimer,≤100,3
103690629277859,OneRoyal,These ads ran without a disclaimer,≤100,1
635009163020030,Saifullah Khan,These ads ran without a disclaimer,≤100,1
330770636783848,জাতীয় কন্ঠ,These ads ran without a disclaimer,≤100,1
475762915620077,Community For Regional Climate Change - RCCC,These ads ran without a disclaimer,≤100,4
101168056050056,অনলাইন গ্রাফিক্স ডিজাইন,অনলাইন গ্রাফিক্স ডিজাইন,≤100,1
708742235647558,Dubai Online Office,These ads ran without a disclaimer,≤100,1
107567771523314,Newsbd24,Newsbd24,≤100,2
113303076104945,মেজর ডালিম,মেজর ডালিম,≤100,1
725274730659770,Feirrah,These ads ran without a disclaimer,≤100,1
101713966133236,মুহাম্মদ রাজ- রিভার্টেড মুসলিম,মুহাম্মদ রাজ- রিভার্টেড মুসলিম,≤100,1
719071334612400,Purber Kotha - পূর্বের কথা,These ads ran without a disclaimer,≤100,1
180747722127231,"Tommy Miah's Hospitality Management  Institute, Dhaka",These ads ran without a disclaimer,≤100,1
102240436200602,Kazi Sirazi,These ads ran without a disclaimer,≤100,2
104009619158763,Tareque Hassan Sheikh,Tareque Hassan Sheikh,≤100,3
680058188524240,Sakhawat Hossain-সাখাওয়াত হোসেন,These ads ran without a disclaimer,≤100,2
199662143221364,Salman Bro,These ads ran without a disclaimer,≤100,1
674084365794033,Pinaki Dadavai-পিনাকী দাদাভাই,These ads ran without a disclaimer,≤100,1
492568283933295,News Now 24 Bangla,News Now 24 Bangla,≤100,1
196339044177394,Tripura Entertainment,These ads ran without a disclaimer,≤100,1
103671595455525,Akter Hossain,Akter Hossain,≤100,2
728464037008449,ইসলাম 1,These ads ran without a disclaimer,≤100,2
111921108029572,Sultan pharma LTD,These ads ran without a disclaimer,≤100,1
401664150604083,Daily Jagrota Bangla,Daily Jagrota Bangla,≤100,2
110727018741416,Al Mamun Shah,These ads ran without a disclaimer,≤100,2
109237218651607,Mahajabin Hossen Nilay,Mahajabin Hossen Nilay,≤100,1
625588110629546,আব্দুল মান্নান,আব্দুল মান্নান,≤100,3
667145929821778,Kamal Hossen Raju,These ads ran without a disclaimer,≤100,1
709454008914012,Deshfiri,These ads ran without a disclaimer,≤100,1
109562348514003,Md. Arafat Hossen,Md. Arafat Hossen,≤100,1
291233984081724,Elevate Your Journey,Elevate Your Journey,≤100,1
678854485306193,P. Chowdhury,These ads ran without a disclaimer,≤100,1
580796028459616,মাওলানা বোরহান উদ্দিন,These ads ran without a disclaimer,≤100,2
698572416671761,Bideshi School,These ads ran without a disclaimer,≤100,1
108075834681676,IELTS BY NEIL,These ads ran without a disclaimer,≤100,1
106496119177592,Bird's View,These ads ran without a disclaimer,≤100,1
506817672509009,Mahi Shop,These ads ran without a disclaimer,≤100,1
361817393688478,Jono Pokkho- জনপক্ষ,These ads ran without a disclaimer,≤100,1
568225193050304,হালুম,These ads ran without a disclaimer,≤100,2
610544432150754,Premium Bike Station,These ads ran without a disclaimer,≤100,1
102766638215980,Namila Namila,These ads ran without a disclaimer,≤100,1
811247855635111,Prof. Dr. AKM Fazlul Haque,These ads ran without a disclaimer,≤100,1
112725267255059,Spancy Fashion,These ads ran without a disclaimer,≤100,1
713680178485342,Meridian Mart,These ads ran without a disclaimer,≤100,1
106973682288754,Dominic Yambi,These ads ran without a disclaimer,≤100,1
421591607707165,Bangladesh Jamaat e Islami Chuadanga,Bangladesh Jamaat e Islami Chuadanga,≤100,1
104022515942193,Ishy Haq - Bangladesh,These ads ran without a disclaimer,≤100,1
679823551875324,National Citizen Party - Jamalpur,These ads ran without a disclaimer,≤100,1
628134860390643,Obayed Communication It,These ads ran without a disclaimer,≤100,1
647921268403044,শব্দের বাইরে,These ads ran without a disclaimer,≤100,1
658133207375857,Md. Rahad Sheikh,Md. Rahad Sheikh,≤100,2
110012364615474,সাদমান জামী চৌধুরী,সাদমান জামী চৌধুরী,≤100,1
426726231113882,Ishraque Hossain - ইশরাক হোসেন,Ishraque Hossain - ইশরাক হোসেন,≤100,1
532148379989987,আব্দুল আজিজ সুমন,আব্দুল আজিজ সুমন,≤100,1
386911434512617,Abu Sayem Azad,These ads ran without a disclaimer,≤100,1
358645927331500,Tanvir Islam Sadhin,Tanvir Islam Sadhin,≤100,1
447415041789406,Ovijatra - অভিযাত্রা,Ovijatra - অভিযাত্রা,≤100,1
710203598839704,Abuhena Kamal,These ads ran without a disclaimer,≤100,1
349306809331068,দুর্নীতির চিত্র,These ads ran without a disclaimer,≤100,1
688999164292593,"Yuhua, China",These ads ran without a disclaimer,≤100,1
573612649174247,Mohammad Nadimur Rahman,These ads ran without a disclaimer,≤100,1
134820957351470,বিসমিল্লাহ প্রিন্টার্স,These ads ran without a disclaimer,≤100,1
2530422370517638,মশিউর রহমান তাসনিম,These ads ran without a disclaimer,≤100,1
626703997200892,নষ্ট মিডিয়া - Dirty Media,These ads ran without a disclaimer,≤100,2
2309448245771586,Global Center on Adaptation,These ads ran without a disclaimer,≤100,1
679883971878814,Press Now,These ads ran without a disclaimer,≤100,1
102405421262333,Political poster hub,These ads ran without a disclaimer,≤100,1
101160732810287,Shoeb Reza,These ads ran without a disclaimer,≤100,1
469474002922796,রফিকুল ইসলাম লিটন,These ads ran without a disclaimer,≤100,2
542665025596576,উপাধ্যক্ষ এস কে মহিববুল্লাহ,উপাধ্যক্ষ এস কে মহিববুল্লাহ,≤100,3
103638988808204,InfoGram,These ads ran without a disclaimer,≤100,1
617614754775887,মুক্ত পাবনা,These ads ran without a disclaimer,≤100,1
685644194631970,Rassell Mahamud,These ads ran without a disclaimer,≤100,1
106641691637077,Chapai Organic Food Village,These ads ran without a disclaimer,≤100,2
177109962144845,Md Abdullah Bin Kasimi,These ads ran without a disclaimer,≤100,1
103096928451939,Lucia studio,These ads ran without a disclaimer,≤100,2
546580605199646,Abdullah Al Mahmud,These ads ran without a disclaimer,≤100,1
647630008430680,SoddoSongbad,These ads ran without a disclaimer,≤100,2
101646796015361,Global Media,These ads ran without a disclaimer,≤100,2
122103297704007777,Rabiul Alam Sojib,These ads ran without a disclaimer,≤100,1
499731976560175,Sadnan Hasan,Sadnan Hasan,≤100,7
611137242093466,Iqbal Bahar,These ads ran without a disclaimer,≤100,1
107445611670263,ন্যাচারাল অয়েল কেয়ার,These ads ran without a disclaimer,≤100,1
703756476149480,Zahidul Islam Akash,These ads ran without a disclaimer,≤100,1
627615013777724,Ria Islam,These ads ran without a disclaimer,≤100,1
502776732926212,Rubel Hossain,These ads ran without a disclaimer,≤100,3
536938439510853,Lifehacks For You,These ads ran without a disclaimer,≤100,1
104108622497225,Dr-Ferdows Ahmed Chowdhury,Dr-Ferdows Ahmed Chowdhury,≤100,1
533654763159177,আমার দেশ - Amar Desh,These ads ran without a disclaimer,≤100,1
307788462414839,Momtaj Hossain Lipi,These ads ran without a disclaimer,≤100,1
102352042705254,দৈনিক গণসংযোগ,These ads ran without a disclaimer,≤100,1
224170250779626,Sifat Shikder,These ads ran without a disclaimer,≤100,2
488839397655046,Commonwealth Zero Alliance,These ads ran without a disclaimer,≤100,1
705312822654681,Finix News,These ads ran without a disclaimer,≤100,1
266661046524763,Tareq,These ads ran without a disclaimer,≤100,1
109083828145287,Md Shahin Mia,These ads ran without a disclaimer,≤100,1
506101665927766,Quadral.io,These ads ran without a disclaimer,≤100,1
110098361923878,Amader Shomoy Sports,Amader Shomoy,≤100,1
126520920546242,Amader Shomoy Digital,Amader Shomoy Digital,≤100,1
101260329091169,The Quoted,These ads ran without a disclaimer,≤100,3
687360411120538,Noya Songbad,Noya Songbad,≤100,1
730141720171704,Mst jummu,These ads ran without a disclaimer,≤100,1
334896273031501,খবরের চট্টগ্রাম khoborerchattogram,খবরের চট্টগ্রাম khoborerchattogram,≤100,1
200702046458853,CTG TODAY,CTG TODAY,≤100,1
102837452399901,মুফতী শরাফত উল্লাহ আরফান,These ads ran without a disclaimer,≤100,1
308584829007129,Ahmed Imtiaz Jami,These ads ran without a disclaimer,≤100,1
284370804968723,"Croatian service, China radio International",These ads ran without a disclaimer,≤100,1
416996944835228,ছাত্র জমিয়ত বাংলাদেশ নারায়ণগঞ্জ জেলা,These ads ran without a disclaimer,≤100,1
110439781606256,One Day In Beijing,These ads ran without a disclaimer,≤100,1
694364903754137,মুন্সিগঞ্জ - জয় বাংলা।,These ads ran without a disclaimer,≤100,1
104100128431773,Time researcher,These ads ran without a disclaimer,≤100,2
517188554821164,স্বপ্নের লালমনিরহাট - ৩ আসন,These ads ran without a disclaimer,≤100,1
106108295608094,অন্যায়ের প্রতিবাদ একটি ফরজ ইবাদাত-আল কুর'আন,These ads ran without a disclaimer,≤100,1
130046276860697,Elyas Hasan,These ads ran without a disclaimer,≤100,1
631240256749161,Md Osman Gani,These ads ran without a disclaimer,≤100,1
417346128135800,js Housing,These ads ran without a disclaimer,≤100,1
105414135686455,Game Shop Bd,These ads ran without a disclaimer,≤100,2
113859521568484,Adv Sarowar Hossain Lovelo,Adv Sarowar Hossain Lovelo,≤100,1
100667625217103,Finclass,These ads ran without a disclaimer,≤100,5
108317068359356,Dr. A S Khan,These ads ran without a disclaimer,≤100,1
327827213755180,Charles Pace,These ads ran without a disclaimer,≤100,1
456884460848848,Jamate Islami Noakhali Sadar,Jamate Islami Noakhali Sadar,≤100,1
240845232441249,Cox's Bazar Post,These ads ran without a disclaimer,≤100,1
363095113551739,ITBD Online Service,These ads ran without a disclaimer,≤100,1
107072582434705,Robi Bangladesh,Robi Bangladesh,≤100,1
158714780827513,UNFPA,These ads ran without a disclaimer,≤100,6
207428332463626,Prodip Adhikary,These ads ran without a disclaimer,≤100,1
403203939541820,Lufeh,These ads ran without a disclaimer,≤100,1
676734662190397,Sheikh Hamdan Foundation,These ads ran without a disclaimer,≤100,1
206784435842026,Korean Concept,These ads ran without a disclaimer,≤100,1
705924412602696,Thought's Of Rafi,These ads ran without a disclaimer,≤100,2
100195689573214,Hasan Ranju,Hasan Ranju,≤100,1
666860906515095,Sylhet Trust Cargo Service,These ads ran without a disclaimer,≤100,1
357624194111757,এম কে,These ads ran without a disclaimer,≤100,1
116537858005432,BD Popular Video,Hridoy IT,≤100,1
223495844457800,China Plus Culture,These ads ran without a disclaimer,≤100,1
547460581793313,মাদারীপুর  জার্নাল,These ads ran without a disclaimer,≤100,1
1834313933459789,BBC StoryWorks,These ads ran without a disclaimer,≤100,3
254202644454074,হাবিবুর রহমান,These ads ran without a disclaimer,≤100,1
470984269425862,Shakil Hossain Chowdhury,These ads ran without a disclaimer,≤100,1
895988910470212,MATW Project,These ads ran without a disclaimer,≤100,1
647553635116325,Donald Patton,These ads ran without a disclaimer,≤100,1
120929227670023,HustleBustle_China,These ads ran without a disclaimer,≤100,1
107312202236303,Ariful Islam,These ads ran without a disclaimer,≤100,2
708164272373795,মার বাবার দোয়া,These ads ran without a disclaimer,≤100,1
611733262012923,শেখ ফরিদ ভাই,These ads ran without a disclaimer,≤100,1
695797854111458,"MasterMinds Business School - London, UK",These ads ran without a disclaimer,≤100,1
323954867467686,Khurshed Alam,These ads ran without a disclaimer,≤100,1
221489557706021,Monirul Islam,These ads ran without a disclaimer,≤100,1
554405481083678,MUNNA AMIN,MUNNA AMIN,≤100,1
545998931940090,Chattogram Kotha 24 Digital,These ads ran without a disclaimer,≤100,1
465257300011856,Anwar travel,These ads ran without a disclaimer,≤100,1
677086468814738,Rashid Ahammed,These ads ran without a disclaimer,≤100,1
108602285643168,সাঈদ বারী,These ads ran without a disclaimer,≤100,1
1532007130414574,MuslimTv Bangla,These ads ran without a disclaimer,≤100,1
100320272417614,গল্পের শহর,These ads ran without a disclaimer,≤100,1
616358948237088,সাইফুল ইসলাম সোহাগ,These ads ran without a disclaimer,≤100,1
115076364893451,মিজানুর রহমান শাহীন,These ads ran without a disclaimer,≤100,3
1515014842124387,Dhakawatch24.com,These ads ran without a disclaimer,≤100,1
113038938282286,Md Arfatur Rahman Apel,These ads ran without a disclaimer,≤100,1
108245017766966,Madinah US,These ads ran without a disclaimer,≤100,1
581998638340671,Mohammad Saidur Rahman,These ads ran without a disclaimer,≤100,1
418388204686583,দাদার প্রলাপ,These ads ran without a disclaimer,≤100,1
112128991385891,Ghost Hacker,These ads ran without a disclaimer,≤100,1
609124465615870,Global Pioneer News,These ads ran without a disclaimer,≤100,1
1501615643412716,Najam Institute,These ads ran without a disclaimer,≤100,1
101984896074213,Tahmid Hassan Chowdhury,These ads ran without a disclaimer,≤100,1
436043172928738,Mamunur Rashid,Mamunur Rashid,≤100,1
346427195228798,BD Shield,These ads ran without a disclaimer,≤100,1
605562049318008,Tanvir Araf,These ads ran without a disclaimer,≤100,1
720794187778130,Md Aminul Huq,These ads ran without a disclaimer,≤100,1
686565064538487,Big winner,These ads ran without a disclaimer,≤100,1
113675877065932,Barrister M Abdus Shahid,These ads ran without a disclaimer,≤100,1
668673996332013,KHALEEF.International,These ads ran without a disclaimer,≤100,1
412235025311896,Tayakadın Edirne Haber,These ads ran without a disclaimer,≤100,1
226560440546916,Md Belal Hosen,These ads ran without a disclaimer,≤100,1
148475051852754,Rockefeller Foundation,These ads ran without a disclaimer,≤100,1
620947174438590,Sutorgolpo,These ads ran without a disclaimer,≤100,1
285449112355319,Mahmudur Rahman Manna,Mahmudur Rahman Manna,≤100,1
101083592946923,Al Zaber fashion,These ads ran without a disclaimer,≤100,1
109137835588471,Tithi's Vlog,These ads ran without a disclaimer,≤100,1
106661955589698,RAj Hãsãn,These ads ran without a disclaimer,≤100,1
634243266449042,WhatsApp Business 1979945165,These ads ran without a disclaimer,≤100,1
109620248592975,মোঃ মোন্তাকিম হোসেন,These ads ran without a disclaimer,≤100,1
678009112057215,Uddakta Promote & Boost Service - UPBS,These ads ran without a disclaimer,≤100,1
480128408528237,A.A.M Muzahid Baig,These ads ran without a disclaimer,≤100,1
110613838780085,Mahfuz Ahamed,These ads ran without a disclaimer,≤100,1
516308531559151,Talukder Hat,These ads ran without a disclaimer,≤100,1
100639928249841,Raina's kitchen,These ads ran without a disclaimer,≤100,1
160398337444161,Study With Raisa,These ads ran without a disclaimer,≤100,1
704650332726964,এবারের সংগ্রাম মুক্তির সংগ্রাম,These ads ran without a disclaimer,≤100,1
565300633328014,Bravi,These ads ran without a disclaimer,≤100,2
754082267778818,Metro News,These ads ran without a disclaimer,≤100,1
649370131598434,Md Raihan Borodwar,These ads ran without a disclaimer,≤100,1
473111959221468,Projonmo Kotha,Projonmo Kotha,≤100,2
102700004935147,Current Report,These ads ran without a disclaimer,≤100,2
102821305961871,FSNV,These ads ran without a disclaimer,≤100,1
591882907349546,আলহাজ্ব আনোয়ার খাঁন,These ads ran without a disclaimer,≤100,1
100560899590311,Takrim's Mart,These ads ran without a disclaimer,≤100,1
421742387689225,Rakib Explore 360,These ads ran without a disclaimer,≤100,1
511373352314966,Notun Bangla Voice,Notun Bangla Voice,≤100,3
388032217732404,Political Poster Lab,These ads ran without a disclaimer,≤100,1
719970354523727,GBN News,These ads ran without a disclaimer,≤100,1
0,Instagram User 9702843876,These ads ran without a disclaimer,≤100,1
663918156813328,NarsingdiBasi,These ads ran without a disclaimer,≤100,2
699344143259847,কুড়িগ্রামের আওয়াজ,These ads ran without a disclaimer,≤100,1
699907746789423,Nelson Mandela Capture Site,These ads ran without a disclaimer,≤100,1
102439912825860,Sayeed Md Abdullah,These ads ran without a disclaimer,≤100,1
460702310453831,Nazmul Rasel,These ads ran without a disclaimer,≤100,1
31292782350,Deutschland.de,These ads ran without a disclaimer,≤100,6
543141892211216,বাংলাদেশ জাগ্রত পার্টি কেন্দ্রীয় প্রচার সেল,These ads ran without a disclaimer,≤100,1
621163454418681,Tawhid & Tuba Vlogs,These ads ran without a disclaimer,≤100,1
106019532481807,Billal Hossain,These ads ran without a disclaimer,≤100,1
577270542137994,Monzil Furniture,These ads ran without a disclaimer,≤100,1
110456378599936,Rokomari Academic Books,These ads ran without a disclaimer,≤100,1
242917998894979,Helal Uddin,These ads ran without a disclaimer,≤100,1
718752374647315,National Mart,These ads ran without a disclaimer,≤100,1
691229780733059,উপত্যকার কথা,These ads ran without a disclaimer,≤100,1
351244834736685,Conquer Countries,These ads ran without a disclaimer,≤100,3
710740982119189,নওগাঁ জেলা আওয়ামীলীগ,These ads ran without a disclaimer,≤100,1
101522372986994,World and New World Journal,These ads ran without a disclaimer,≤100,3
158371587367382,Beyond Headlines,These ads ran without a disclaimer,≤100,2
104155062957158,ICIMOD,These ads ran without a disclaimer,≤100,1
104989515903352,Adv Md Farouk Sikder,These ads ran without a disclaimer,≤100,1
0,Instagram User 737484789,These ads ran without a disclaimer,≤100,1
157580164097341,Mohammad Tanvir Kaisar,These ads ran without a disclaimer,≤100,1
534460973087576,Voiceof Ekattor,These ads ran without a disclaimer,≤100,1
106895595261984,"Shibganj Upazila Chatradal , Bogura",These ads ran without a disclaimer,≤100,1
690785730784524,মনিরুল ইসলাম জামাল JamalWrites,These ads ran without a disclaimer,≤100,2
100331208395514,Mirza Abdullah Baig,Mirza Abdullah Baig,≤100,1
509588908897528,MD Iqbal Hoshan,These ads ran without a disclaimer,≤100,1
610875555432008,ecochicgo,These ads ran without a disclaimer,≤100,1
113435235058622,Md. Muttakin Billah,These ads ran without a disclaimer,≤100,1
107638197672722,Wisdom Waves,These ads ran without a disclaimer,≤100,1
726750730513054,মজলুম জননেতা মিয়া গোলাম পরওয়ার,These ads ran without a disclaimer,≤100,1
1541944699445467,Call me vaiya,These ads ran without a disclaimer,≤100,1
756877521031964,CCTV+,These ads ran without a disclaimer,≤100,2
418775708189870,Social Movement Technologies,These ads ran without a disclaimer,≤100,1
167147969813634,Mahadi Hasan,These ads ran without a disclaimer,≤100,1
662896713572178,হাজী মোহাম্মদ নুর নবী,These ads ran without a disclaimer,≤100,1
619693894568543,ইপিক - EPIK,These ads ran without a disclaimer,≤100,1
106095135906270,Md Hasanuzzaman Khan HiRa,These ads ran without a disclaimer,≤100,1
581961658564804,Learn Chinese,These ads ran without a disclaimer,≤100,1
114859901700396,MD Ubaidullah,These ads ran without a disclaimer,≤100,1
345840486219924,Energy China,These ads ran without a disclaimer,≤100,1
453998614463196,Kaiser Ahmed Jabed,These ads ran without a disclaimer,≤100,1
655660864293622,Hamdan Gifts,These ads ran without a disclaimer,≤100,1
576418818893832,Bimol Chakma Fc Results,These ads ran without a disclaimer,≤100,1
368638069945801,Speakhire,These ads ran without a disclaimer,≤100,1
100142713056735,Top online,These ads ran without a disclaimer,≤100,1
695333393662926,PhotoGuide Sylhet,These ads ran without a disclaimer,≤100,1
159681940894235,Ariful S. Farhad,These ads ran without a disclaimer,≤100,1
403257219532367,Faceless Democracy - মুখহীন গণতন্ত্র,These ads ran without a disclaimer,≤100,1
533208456542335,মোঃ সারোয়ার আহমেদ ফাহিম,These ads ran without a disclaimer,≤100,2
574668632399071,KhabarAsia,These ads ran without a disclaimer,≤100,3
611318052075346,আলহাজ্ব মাওলানা আব্দুল হামিদ,These ads ran without a disclaimer,≤100,1
1437942076453464,CGTN Nepali,These ads ran without a disclaimer,≤100,1
337016280536,PETA Asia,These ads ran without a disclaimer,≤100,1
106645745463750,S.P Blogger,These ads ran without a disclaimer,≤100,1
569629189573261,Muhammad Hossain Madbor,These ads ran without a disclaimer,≤100,1
412601748600806,Bangla Avenue,These ads ran without a disclaimer,≤100,1
306477012550147,Masum B.,These ads ran without a disclaimer,≤100,1
719263524605326,Global Hope Foundation - Sri Lanka,These ads ran without a disclaimer,≤100,1
107210275513986,Omar Faruk Miazi,These ads ran without a disclaimer,≤100,1
709199978937395,A S M Abdul Halim for Jamalpur-2,These ads ran without a disclaimer,≤100,1
408353985703672,Regular update 24,These ads ran without a disclaimer,≤100,1
1690530894491942,হালদা পাবলিকেশন,These ads ran without a disclaimer,≤100,1
647207418483972,Smith coins,These ads ran without a disclaimer,≤100,2
102093685620627,Best Diplomats,These ads ran without a disclaimer,≤100,1
653959644472573,Natural Ghor - ন্যাচারাল ঘর,These ads ran without a disclaimer,≤100,1
559736543899276,গুরুচণ্ডাল,These ads ran without a disclaimer,≤100,1
740400705819239,sheikh khadim,These ads ran without a disclaimer,≤100,1
566850473185538,Barr M Abdus Shahid,These ads ran without a disclaimer,≤100,1
215186928650279,Chobi Barta             ছবি বার্তা,These ads ran without a disclaimer,≤100,1
637493102790009,Sitakunda News,These ads ran without a disclaimer,≤100,1
686662127865815,মোহাম্মদ মাইনউদ্দিন,These ads ran without a disclaimer,≤100,1
111052588313596,Jahirul Islam,These ads ran without a disclaimer,≤100,1
103116292335115,Cannbin Digital,Cannbin Digital,≤100,1
101245765677433,Dubai borka  - দুবাই বোরকা প্যালেস,These ads ran without a disclaimer,≤100,1
115600291442226,Global Indians Conclave & Awards,These ads ran without a disclaimer,≤100,1
100983042944980,EVA'S WORLD,These ads ran without a disclaimer,≤100,1
397839453423224,House of Power: Simulator Game,These ads ran without a disclaimer,≤100,4
598035870051097,Afra Trade International,These ads ran without a disclaimer,≤100,1
469748672899498,Rubel Fateh,These ads ran without a disclaimer,≤100,1
419589911243946,Luisa Deniz,These ads ran without a disclaimer,≤100,1
211454462257570,International Hockey Federation (FIH),These ads ran without a disclaimer,≤100,1
658677457494816,Mohammad Abdus Salam,These ads ran without a disclaimer,≤100,1
519709241719113,14again Studios,These ads ran without a disclaimer,≤100,1
640268855828842,আল বটর - Al Botor,These ads ran without a disclaimer,≤100,1
152799978880953,Apurbo Sarkar Nafi,These ads ran without a disclaimer,≤100,1
245602095950002,Ashraful Islam Shohag,These ads ran without a disclaimer,≤100,1
339944175873472,thelegacydigest,These ads ran without a disclaimer,≤100,2
637359856136182,Zhuhai Unmanned Systems Association,These ads ran without a disclaimer,≤100,1
615842418289818,Kabir Humayun Muhammad,These ads ran without a disclaimer,≤100,1
605493679323561,Housecultures,These ads ran without a disclaimer,≤100,3
748167848615262,Anupam Debashis Roy,These ads ran without a disclaimer,≤100,1
967519080077864,Beautiful Shandong,These ads ran without a disclaimer,≤100,1
102493319481992,peacecomms,These ads ran without a disclaimer,≤100,1
617432764796691,মোঃ নাঈমুল ইসলাম হৃদয়,These ads ran without a disclaimer,≤100,1
228196110382675,𝙰𝙲 𝚂𝙴𝚁𝚅𝙸𝙲𝙴 𝚄𝚃𝚃𝙰𝚁𝙰,These ads ran without a disclaimer,≤100,1
108849750841452,Roman mijee,These ads ran without a disclaimer,≤100,1
210585232145938,Shobuj Rahman,These ads ran without a disclaimer,≤100,1
104492809353959,Arnab Acharya,These ads ran without a disclaimer,≤100,1
315149341676179,Azadir Dak - আজাদির ডাক,These ads ran without a disclaimer,≤100,1
678124355388801,Taj world,These ads ran without a disclaimer,≤100,1
110226915333708,Shahriare Shuvo,These ads ran without a disclaimer,≤100,1
681644348357020,Echoes of 1971,These ads ran without a disclaimer,≤100,1
479215795280031,Deshkal News,These ads ran without a disclaimer,≤100,1
619618257911634,Mary Stwart,These ads ran without a disclaimer,≤100,5
119732211085015,HKeye,These ads ran without a disclaimer,≤100,1
101574025639505,লোকমানবিডি,These ads ran without a disclaimer,≤100,1
659054704285333,Riviir,These ads ran without a disclaimer,≤100,1
582524111616491,Bangladesh Reformist Party BRP- Information Cell,These ads ran without a disclaimer,≤100,1
110708588306061,Gen Alpha,These ads ran without a disclaimer,≤100,1
106855214319692,AFLAMUNA.online / أفلامُنا.اونلاين,These ads ran without a disclaimer,≤100,1
112726871811343,Happy Baby Dolna,These ads ran without a disclaimer,≤100,1
2075277506111591,Md Sulaiman Dewan,These ads ran without a disclaimer,≤100,1
104748002510201,Mr. Hommies,These ads ran without a disclaimer,≤100,1
107280087594348,Huanqiu.com,These ads ran without a disclaimer,≤100,3
667732049747236,Maria Díaz,These ads ran without a disclaimer,≤100,4
740316029158537,Jersey.com.bd,These ads ran without a disclaimer,≤100,1
747272601792338,ধানমন্ডি ৩২,These ads ran without a disclaimer,≤100,1
668886629647983,Say It Loud,These ads ran without a disclaimer,≤100,1
720044114518830,বিআরটিসি সিলেট প্রশিক্ষণ কেন্দ্র,These ads ran without a disclaimer,≤100,1
686621081200899,Insight English,These ads ran without a disclaimer,≤100,1
532077483311901,Nazmul Hasan Jony,Nationalist Cyber Party - NCP,≤100,1
517726188101073,Raysa Inner Collection,These ads ran without a disclaimer,≤100,1
101477486222553,মাহমুদুল হাসান,These ads ran without a disclaimer,≤100,1
189232005248268,CTG,These ads ran without a disclaimer,≤100,1
145801024994,Hatiya Cyber Zone,These ads ran without a disclaimer,≤100,1
681521338367765,Police Talks-Saiful,These ads ran without a disclaimer,≤100,1
157543450780714,FinanzWeitblick,These ads ran without a disclaimer,≤100,1
101440675722337,rim_lug_1602,These ads ran without a disclaimer,≤100,2
103413185289300,প্রতিবাদী বাংলা,These ads ran without a disclaimer,≤100,1
500732326454781,নাছির উদ্দিন,These ads ran without a disclaimer,≤100,1
101103628988991,China Says,These ads ran without a disclaimer,≤100,1
108653651590135,A Date with Tianjin,These ads ran without a disclaimer,≤100,2
522024227655859,Wild Flower From Wicked to Warrior,These ads ran without a disclaimer,≤100,1
638454476024305,World Update 24/7,These ads ran without a disclaimer,≤100,1
113963725042613,kashifdecodes,These ads ran without a disclaimer,≤100,2
619453724578899,"জাতীয় নাগরিক পার্টি - এনসিপি, খাগড়াছড়ি পার্বত্য জেলা।",These ads ran without a disclaimer,≤100,1
527508693784808,Mavonstyle,These ads ran without a disclaimer,≤100,2
119144604609391,Peacock Entertainment,These ads ran without a disclaimer,≤100,1
102035189414544,Voice to the world,These ads ran without a disclaimer,≤100,1
620038264533650,Bangladesh Ifter party,These ads ran without a disclaimer,≤100,1
102424588981474,Dainik Barisaler Pran,These ads ran without a disclaimer,≤100,1
534398683099577,Global Today - বাংলা,These ads ran without a disclaimer,≤100,1
106171122276542,Brother's House,These ads ran without a disclaimer,≤100,1
639930922542871,Foundation lucky winner,These ads ran without a disclaimer,≤100,1
663164283553829,Mohiuddin Rubel,These ads ran without a disclaimer,≤100,1
332269413312964,Sikder Al Zinnah,These ads ran without a disclaimer,≤100,1
107471522240279,anee_muskan,These ads ran without a disclaimer,≤100,1
103240821503020,Thrive with Meg,These ads ran without a disclaimer,≤100,1
372443229293235,Ulpipes,These ads ran without a disclaimer,≤100,1
419293614596348,Relief Strategies,These ads ran without a disclaimer,≤100,1
2146562132231882,BCS Mastermind: বিসিএস মাস্টারমাইন্ড,These ads ran without a disclaimer,≤100,1
678013775399017,Zobaer Al Mahmud,These ads ran without a disclaimer,≤100,1
413414568523776,Al-Ummah Print,These ads ran without a disclaimer,≤100,1
110072491556276,Emon Express,These ads ran without a disclaimer,≤100,1
103951912698663,C4Chatga,These ads ran without a disclaimer,≤100,1
527403850467321,Sourish's Galaxy,These ads ran without a disclaimer,≤100,2
108801565352003,Shamayal Rahman,These ads ran without a disclaimer,≤100,1
726252673897502,"Ali Azom Sabbir, Bogura 2",These ads ran without a disclaimer,≤100,1
102738292086521,HR WORLD,HR WORLD,≤100,1
79355523842,University of the People,These ads ran without a disclaimer,≤100,1
660082290526935,Talukdar Muhammad Roni,These ads ran without a disclaimer,≤100,1
162544250879907,Disha Eye Hospitals,These ads ran without a disclaimer,≤100,1
709027475621061,এতিম মোদের আপনজন,Protolen IT,≤100,1
684412431418083,WislowAgatha,These ads ran without a disclaimer,≤100,1
649720131566767,Umair Hussain Virk,These ads ran without a disclaimer,≤100,1
108471125442501,China Box,These ads ran without a disclaimer,≤100,1
487895257736860,I.T Center,These ads ran without a disclaimer,≤100,1
687360411120538,Noya Songbad,These ads ran without a disclaimer,≤100,1
53924096165,Children’s Hospital Colorado,These ads ran without a disclaimer,≤100,1
169573896244239,BD FRAME,These ads ran without a disclaimer,≤100,1
103848122576111,Tileedgg+,These ads ran without a disclaimer,≤100,2
181974551908903,Future Generation Art Prize,These ads ran without a disclaimer,≤100,1
470580436143584,media.daydaily,These ads ran without a disclaimer,≤100,1
688257311028721,Powerful AI For Life,These ads ran without a disclaimer,≤100,2
657153700818439,Pok Pok Bangla,These ads ran without a disclaimer,≤100,1
707891402398664,With Rafi,These ads ran without a disclaimer,≤100,1
196280713567293,Abdullah Al Mahin,These ads ran without a disclaimer,≤100,1
681604091705914,Blissta.com,These ads ran without a disclaimer,≤100,2
297233673475265,Africa Bangladesh Business Forum,These ads ran without a disclaimer,≤100,1
704869779574729,Adrian Kołodziej,These ads ran without a disclaimer,≤100,3
162435200290736,জাতীয় পার্টির বাংলাদেশ,These ads ran without a disclaimer,≤100,1
115595591498723,Advocate K N Shima.,These ads ran without a disclaimer,≤100,1
118000537937795,PandaWandering,These ads ran without a disclaimer,≤100,1
104982146031261,Meet Tianjin,These ads ran without a disclaimer,≤100,1
251455638578310,KIL PR,These ads ran without a disclaimer,≤100,2
250046745152542,Cynthia Garris Ministries,These ads ran without a disclaimer,≤100,1
370847482781296,Paris Studio,These ads ran without a disclaimer,≤100,1
354178377782827,Modina Nagar Haluaghat,Modina Nagar Haluaghat,≤100,1
1061420730573798,Sinopec,These ads ran without a disclaimer,≤100,1
108803222109197,মাধবপুর জিয়া পরিবার টু,These ads ran without a disclaimer,≤100,1
101163548496379,Ad Guys & Co by Ulysses Wang,These ads ran without a disclaimer,≤100,1
122104705226002471,McKune Jane Julie,These ads ran without a disclaimer,≤100,1
709443382252304,money_helper_560,These ads ran without a disclaimer,≤100,1
577795862065152,চলতে চলতে,These ads ran without a disclaimer,≤100,1
642041309001677,Kismet Kisses Novels,These ads ran without a disclaimer,≤100,1
667441913123637,সত্যের পক্ষে,These ads ran without a disclaimer,≤100,1
298861020736,فرانس 24 / FRANCE 24 Arabic,These ads ran without a disclaimer,≤100,1
243378502192106,nikitonio,These ads ran without a disclaimer,≤100,1
155677885272,RFI 华语 - 法国国际广播电台,These ads ran without a disclaimer,≤100,8
230750426784322,Atiqul Islam,These ads ran without a disclaimer,≤100,1
36402799393,Protección Animal Mundial,These ads ran without a disclaimer,≤100,1
600406936495715,Travelhealthadvice,These ads ran without a disclaimer,≤100,1
208338536239798,This Is Beijing,These ads ran without a disclaimer,≤100,1
0,Instagram User 5909700417,These ads ran without a disclaimer,≤100,1
107334102032599,Romance Novel,These ads ran without a disclaimer,≤100,1
366096306589628,ActionHelp,These ads ran without a disclaimer,≤100,1
251360678068375,Newblacks,These ads ran without a disclaimer,≤100,1
739681419218164,আল্লাহর রহমত.1,These ads ran without a disclaimer,≤100,1
408642945673797,Anwar Shahjahan,These ads ran without a disclaimer,≤100,1
102112126046573,Sabbir Khan,These ads ran without a disclaimer,≤100,1
107555514832096,oscarquiteto,These ads ran without a disclaimer,≤100,1
126683627200026,Stories of Migration,These ads ran without a disclaimer,≤100,1
108007115637986,শেষ বেলার গল্প,These ads ran without a disclaimer,≤100,1
609086622298222,Rabby Khan,These ads ran without a disclaimer,≤100,1
494710757052143,AL Jaber Ahmed Rumman,These ads ran without a disclaimer,≤100,1
107574164472383,CSGI,These ads ran without a disclaimer,≤100,1
102306472349747,На Кипре,These ads ran without a disclaimer,≤100,2
106826042351103,Quazi J Islam,These ads ran without a disclaimer,≤100,1
718757591313074,Prank Call,These ads ran without a disclaimer,≤100,2
748081715047525,ইঞ্জিনিয়ার কামাল হোসেন,These ads ran without a disclaimer,≤100,1
350783005063231,D+C Development and Cooperation,These ads ran without a disclaimer,≤100,2
172612392201,Pink Magazine,These ads ran without a disclaimer,≤100,1
469972249537052,আনওয়ার হোসাইন খান - Media cell,These ads ran without a disclaimer,≤100,1
108528308292947,una_unless,These ads ran without a disclaimer,≤100,1
104022512482518,"Cangzhou,China",These ads ran without a disclaimer,≤100,2
543726185497809,Voice of the Ummah,These ads ran without a disclaimer,≤100,1
19740928752,World Animal Protection,These ads ran without a disclaimer,≤100,1
447368311788011,নন্দা,These ads ran without a disclaimer,≤100,1
639033859292771,SaNi's world,These ads ran without a disclaimer,≤100,1
538067906063470,Job News,These ads ran without a disclaimer,≤100,1
107466151951213,Amazing Huangshan,These ads ran without a disclaimer,≤100,1
162791200426579,Ancestral Findings,These ads ran without a disclaimer,≤100,1
487309724467951,Love  reading M,These ads ran without a disclaimer,≤100,1
425025964025751,Marigold's Dreams Art 9,These ads ran without a disclaimer,≤100,1
593716173818339,Merajul Islam Shahin,These ads ran without a disclaimer,≤100,1
1658637007759716,Print Studio,These ads ran without a disclaimer,≤100,1
107644508827251,MD Kawsar Ahmed,These ads ran without a disclaimer,≤100,1
170198159517868,Fatema Tuz Zhura,Fatema Tuz Zhura,≤100,1
497671973427290,Qasim Niazi,These ads ran without a disclaimer,≤100,1
690637440791059,পোঁদের আলো,These ads ran without a disclaimer,≤100,1
1177000815657627,Sci Ani,These ads ran without a disclaimer,≤100,1
398592610276050,Aizuddin Hamid,These ads ran without a disclaimer,≤100,2
627131950483999,Vivos Relatos,These ads ran without a disclaimer,≤100,1
401524526382452,Move To Help,These ads ran without a disclaimer,≤100,1
610783345450219,Voice Changer - Funny Effect,These ads ran without a disclaimer,≤100,1
1896179463730113,Ban Ki-moon Centre for Global Citizens,These ads ran without a disclaimer,≤100,1
105539638562738,中华人民共和国商务部 MOFCOM,These ads ran without a disclaimer,≤100,1
105571358857771,iNanjing,These ads ran without a disclaimer,≤100,1
632921723246489,Academia de Guitarristas,These ads ran without a disclaimer,≤100,1
706103922585193,"বাংলাদেশ আওয়ামীলীগ ব্রাহ্মণবাড়ীয়া, সংযুক্ত আরব আমিরাত শাখা",These ads ran without a disclaimer,≤100,1
206453312698285,Community Services Directorate,These ads ran without a disclaimer,≤100,1
649839998221030,TryResilia,These ads ran without a disclaimer,≤100,1
266372969901758,Наталья Чичук,These ads ran without a disclaimer,≤100,1
645190608681693,Romance Hub,These ads ran without a disclaimer,≤100,1
272531229281206,Anybill Marketing,These ads ran without a disclaimer,≤100,1
464041416970667,مونت كارلو الدولية / Monte Carlo Doualiya,These ads ran without a disclaimer,≤100,1
579920815213912,Smart AI Chat & Translator,These ads ran without a disclaimer,≤100,2
224326837423380,Watching Now,These ads ran without a disclaimer,≤100,1
595440776981285,FCT Final Tool PRO,These ads ran without a disclaimer,≤100,1
154142474448761,Aydin Juan Lindsey,These ads ran without a disclaimer,≤100,1
427236347147805,Tribune  - تريبون الخيرية,These ads ran without a disclaimer,≤100,1
253024954552326,Allison Fiona,These ads ran without a disclaimer,≤100,1
100636899712,Uusi Suomi,These ads ran without a disclaimer,≤100,2
341962342341029,Darkpick,These ads ran without a disclaimer,≤100,1
595438986986969,VoiceMe: AI Voice Changer,These ads ran without a disclaimer,≤100,1
109725215092123,RFI Українською,These ads ran without a disclaimer,≤100,3
301960393281716,Study International,These ads ran without a disclaimer,≤100,1
20665390582,Medical Aid for Palestinians,These ads ran without a disclaimer,≤100,4
637612819444495,Trenova,These ads ran without a disclaimer,≤100,2
736819559796206,新加坡中国文化中心  China Cultural Centre in Singapore,These ads ran without a disclaimer,≤100,1
28312410177,World Food Programme,These ads ran without a disclaimer,≤100,1
497052376819901,Fanatic Media UAE,These ads ran without a disclaimer,≤100,2
101837288924546,Muslimi,These ads ran without a disclaimer,≤100,1
340696495941621,"Bangla Sanglap,Uk",These ads ran without a disclaimer,≤100,1
671410649390601,Rangpur Darpan,These ads ran without a disclaimer,≤100,1
600015123204119,Alberta Solar Savings,These ads ran without a disclaimer,≤100,1
636426462879779,SpellRock Crumble,These ads ran without a disclaimer,≤100,1
179992825199677,Ornob Islam,These ads ran without a disclaimer,≤100,2
7258206754,Jeune Afrique,These ads ran without a disclaimer,≤100,1